INSERT INTO places (place_id, name, city, google_place_id, type, address, website, image_url, time_start, time_end) VALUES
(1, 'St. Philip’s Lutheran Church', 'Carmel', NULL, 'food_bank', '8065 Carmel Valley Road', 'https://www.stphilipslutheran.org/', NULL, NULL, NULL),
(2, 'St Theodore Church', 'Gonzalez', NULL, 'food_bank', '116 South Belden Street', 'https://www.st-theodore-parish.org/', NULL, NULL, NULL),
(3, 'Greenfield Memorial Hall', 'Greenfield', NULL, 'food_bank', '615 El Camino Real', 'https://www.greenfieldca.gov/274/Greenfield-Memorial-District', NULL, NULL, NULL),
(4, 'Salinas Valley Fairgrounds', 'King City', NULL, 'food_bank', '625 Division Street', 'https://www.salinasvalleyfair.com/', NULL, NULL, NULL),
(5, 'Marina Library', 'Marina', NULL, 'food_bank', '190 Seaside Circle', 'https://www.countyofmonterey.gov/government/departments-i-z/library/locations/marina-branch', NULL, NULL, NULL),
(6, 'Monterey County Free Libraries – Admin Office', 'Marina', NULL, 'food_bank', '188 Seaside Circle', 'https://www.countyofmonterey.gov/government/departments-i-z/library/locations/administrative-office', NULL, NULL, NULL),
(7, 'Holy Assembly Missionary Baptist Church', 'Marina', NULL, 'food_bank', '3305 Adby Way', 'https://holyassemblymissionarybaptistchurch.wordpress.com/', NULL, NULL, NULL),
(8, 'St. Mary’s by-the-Sea Episcopal Church', 'Pacific Grove', NULL, 'food_bank', '146 12th Street', 'https://www.stmarysbythesea.org/', NULL, NULL, NULL),
(9, 'Alisal Community School', 'Salinas', NULL, 'food_bank', '1437 Del Monte Ave', 'https://alisalcommunity.alisal.org/', NULL, NULL, NULL),
(10, 'Frank Paul Family Resource Center', 'Salinas', NULL, 'food_bank', '1296 Rider Ave', 'https://www.alisal.org/apps/pages/index.jsp?uREC_ID=4378165&type=d&pREC_ID=2599552', NULL, NULL, NULL),
(11, 'La Paz Middle School', 'Salinas', NULL, 'food_bank', '1300 N. Sanborn Rd.', 'https://lpms.salinasuhsd.org/', NULL, NULL, NULL),
(12, 'Martin Luther King Jr Academy', 'Salinas', NULL, 'food_bank', '925 N. Sanborn Rd.', 'https://mlk.alisal.org/', NULL, NULL, NULL),
(13, 'University Park Elementary', 'Salinas', NULL, 'food_bank', '833 W. Acacia St.', 'https://www.salinascityesd.org/', NULL, NULL, NULL),
(14, 'Santa Rita Elementary School', 'Salinas', NULL, 'food_bank', '2014 Santa Rita St.', 'https://www.santaritaschools.org/', NULL, NULL, NULL),
(15, 'Sherwood Elementary', 'Salinas', NULL, 'food_bank', '110 S. Wood St.', NULL, NULL, NULL, NULL),
(16, 'Alisal Integrated Health Center', 'Salinas', NULL, 'food_bank', '331 N Sanborn Rd', 'https://www.countyofmonterey.gov/government/departments-a-h/health/clinic-services/our-locations', NULL, NULL, NULL),
(17, 'St. Ansgar’s Lutheran Church', 'Salinas', NULL, 'food_bank', '72 E. San Joaquin St.', 'https://stansgars.us/', NULL, NULL, NULL),
(18, 'Salinas Valley Community Church', 'Salinas', NULL, 'food_bank', '368 San Juan Grade Road', 'https://www.svcc.net/', NULL, NULL, NULL),
(19, 'Grace Christian Fellowship', 'Salinas', NULL, 'food_bank', '111 Prado Street', 'https://www.facebook.com/pages/Grace-Christian-Fellowship/121378111206086', NULL, NULL, NULL),
(20, 'Vineyard Church of Salinas', 'Salinas', NULL, 'food_bank', '1122 East Alisal Street', 'https://salinasvineyard.org/', NULL, NULL, NULL),
(21, 'Victory Mission', 'Salinas', NULL, 'food_bank', '43 Soledad Street', 'https://victorymissionsalinas.org/', NULL, NULL, NULL),
(22, 'Parallel Church', 'Salinas', NULL, 'food_bank', '327 Pajaro St.', 'https://parallel.church/', NULL, NULL, NULL),
(23, 'Lutheran Church of the Good Shepherd', 'Salinas', NULL, 'food_bank', '580 Larkin St.', 'https://www.goodshepherdsalinas.org/', NULL, NULL, NULL),
(24, 'St. Paul’s Episcopal Church', 'Salinas', NULL, 'food_bank', '1071 Pajaro St.', 'https://shepherdsstream.org/california-church-directory/st-pauls-episcopal-church-13', NULL, NULL, NULL),
(25, 'Royal Family Church of God', 'Salinas', NULL, 'food_bank', '671 East Market St.', 'https://www.yelp.com/biz/royal-family-church-of-god-in-christ-salinas?dd_referrer=https%3A%2F%2Fwww.google.com%2F', NULL, NULL, NULL),
(26, 'The Father’s House', 'Salinas', NULL, 'food_bank', '55 Natividad Rd.', 'https://www.thefathershouseag.com/', NULL, NULL, NULL),
(27, 'St Francis Xavier Church', 'Seaside', NULL, 'food_bank', '1475 La Salle Avenue', 'http://www.stfxavier.org/', NULL, NULL, NULL),
(28, 'Bethel Baptist Church', 'Seaside', NULL, 'food_bank', '390 Elm Avenue', 'https://www.yelp.com/biz/bethel-baptist-church-seaside', NULL, NULL, NULL),
(29, 'Seaside High School', 'Seaside', NULL, 'food_bank', '2200 Noche Buena St.', 'https://shs.mpusd.net/', NULL, NULL, NULL),
(30, 'Main Street Middle School', 'Soledad', NULL, 'food_bank', '441-A Main Street', 'https://mainst.soledadusd.org/', NULL, NULL, NULL),
(31, 'Our Lady of Solitude Church', 'Soledad', NULL, 'food_bank', '235 Main Street', 'https://www.ladyofsolitude.org/', NULL, NULL, NULL),
(32, 'Salinas Recycling Center', 'Salinas', NULL, 'recycling_center', '1104 Madison Lane', 'https://svswa.org/facilities/madison/', NULL, NULL, NULL),
(33, 'Salinas Recycling', 'Salinas', NULL, 'recycling_center', '316 Commission St', 'https://www.yelp.com/biz/salinas-recycling-salinas?override_cta=Get+pricing', NULL, NULL, NULL),
(34, 'Adas Recycling', 'Seaside', NULL, 'recycling_center', '1949 Fremont Blvd', 'https://www.yelp.com/biz/adas-recycling-salinas', NULL, NULL, NULL),
(35, 'Natividad Emergency Shelter', 'Marina', NULL, 'shelter', '3087 Wittenmyer Court', 'https://www.communityhomelesssolutions.org/', NULL, NULL, NULL),
(36, 'Safe Place Shelter', 'Monterey', NULL, 'shelter', '590 Pearl Street', 'https://chservices.org/', NULL, NULL, NULL),
(37, 'Help for the Homeless', 'Salinas', NULL, 'shelter', '43 Soledad Street', 'https://victorymissionsalinas.org/services.html', NULL, NULL, NULL),
(38, 'Restore for Habitat for Humanity Monterey Bay - Seaside', 'Seaside', NULL, 'donation_center', '4230 Giggling Rd', NULL, NULL, NULL, NULL),
(39, 'Restore for Habitat for Humanity Monterey Bay - Watsonville', 'Watsonville', NULL, 'donation_center', '555 Main St.', NULL, NULL, NULL, NULL),
(40, 'Goodwill Central Coast', 'Monterey', NULL, 'donation_center', '571 Lighthouse Ave', NULL, NULL, NULL, NULL),
(41, 'The Salvation Army - Sand City', 'Sand City', NULL, 'donation_center', '800 Scott St.', NULL, NULL, NULL, NULL),
(42, 'The Salvation Army - Seaside', 'Seaside', NULL, 'donation_center', '1850 Fremont Street', NULL, NULL, NULL, NULL);

-- Insert schedules
INSERT INTO place_schedules (schedule_id, place_id, tz, rrule, time_start, time_end, valid_from, valid_to) VALUES
(1, 1, 'America/Los_Angeles', 'FREQ=MONTHLY;BYDAY=1FR,3FR', '09:00', '10:00', NULL, NULL),
(2, 2, 'America/Los_Angeles', 'FREQ=MONTHLY;BYDAY=3TH', '09:30', '10:30', NULL, NULL),
(3, 3, 'America/Los_Angeles', 'FREQ=MONTHLY;BYDAY=4TU', '09:30', '10:30', NULL, NULL),
(4, 4, 'America/Los_Angeles', 'FREQ=MONTHLY;BYDAY=1WE', '10:00', '11:00', NULL, NULL),
(5, 5, 'America/Los_Angeles', 'FREQ=WEEKLY;BYDAY=SA', '10:00', '12:00', NULL, NULL),
(6, 6, 'America/Los_Angeles', 'FREQ=MONTHLY;BYDAY=1MO', '09:00', '10:00', NULL, NULL),
(7, 7, 'America/Los_Angeles', 'FREQ=MONTHLY;BYDAY=3SA', '10:00', '12:00', NULL, NULL),
(8, 8, 'America/Los_Angeles', 'FREQ=WEEKLY;BYDAY=MO,WE,FR', '13:00', '14:00', NULL, NULL),
(9, 9, 'America/Los_Angeles', 'FREQ=WEEKLY;BYDAY=TU', '14:00', '15:00', NULL, NULL),
(10, 10, 'America/Los_Angeles', 'FREQ=WEEKLY;BYDAY=WE', '14:00', '15:00', NULL, NULL),
(11, 11, 'America/Los_Angeles', 'FREQ=WEEKLY;BYDAY=WE', '13:45', '14:45', NULL, NULL),
(12, 12, 'America/Los_Angeles', 'FREQ=WEEKLY;BYDAY=TU', '14:00', '15:00', NULL, NULL),
(13, 13, 'America/Los_Angeles', 'FREQ=WEEKLY;BYDAY=TU', '14:00', '15:00', NULL, NULL),
(14, 14, 'America/Los_Angeles', 'FREQ=WEEKLY;BYDAY=TU', '13:00', '14:00', NULL, NULL),
(15, 15, 'America/Los_Angeles', 'FREQ=WEEKLY;BYDAY=TH', '14:00', '15:00', NULL, NULL),
(16, 16, 'America/Los_Angeles', 'FREQ=WEEKLY;BYDAY=MO', '13:00', '15:00', NULL, NULL),
(17, 17, 'America/Los_Angeles', 'FREQ=MONTHLY;BYDAY=3WE', '08:30', '09:30', NULL, NULL),
(18, 18, 'America/Los_Angeles', 'FREQ=MONTHLY;BYDAY=4FR', '09:00', '10:30', NULL, NULL),
(19, 19, 'America/Los_Angeles', 'FREQ=WEEKLY;BYDAY=TH', '09:00', '11:00', NULL, NULL),
(20, 20, 'America/Los_Angeles', 'FREQ=MONTHLY;BYDAY=2FR', '09:00', '10:00', NULL, NULL),
(21, 21, 'America/Los_Angeles', 'FREQ=DAILY', '10:30', '16:30', NULL, NULL),
(22, 21, 'America/Los_Angeles', 'FREQ=DAILY', '18:00', '19:00', NULL, NULL),
(23, 22, 'America/Los_Angeles', 'FREQ=MONTHLY;BYDAY=3TU', '17:30', '18:30', NULL, NULL),
(24, 23, 'America/Los_Angeles', 'FREQ=WEEKLY;BYDAY=FR', '09:00', '10:00', NULL, NULL),
(25, 24, 'America/Los_Angeles', 'FREQ=WEEKLY;BYDAY=SU', '14:00', '16:00', NULL, NULL),
(26, 25, 'America/Los_Angeles', 'FREQ=MONTHLY;BYDAY=2SA,4SA', '10:00', '12:00', NULL, NULL),
(27, 26, 'America/Los_Angeles', 'FREQ=MONTHLY;BYDAY=2WE,4WE', '17:00', '18:00', NULL, NULL),
(28, 27, 'America/Los_Angeles', 'FREQ=MONTHLY;BYDAY=2TU', '09:00', '10:00', NULL, NULL),
(29, 28, 'America/Los_Angeles', 'FREQ=WEEKLY;BYDAY=TU', '16:00', '18:00', NULL, NULL),
(30, 28, 'America/Los_Angeles', 'FREQ=WEEKLY;BYDAY=SA', '12:00', '14:00', NULL, NULL),
(31, 29, 'America/Los_Angeles', 'FREQ=WEEKLY;BYDAY=WE', '16:00', '17:00', NULL, NULL),
(32, 30, 'America/Los_Angeles', 'FREQ=WEEKLY;BYDAY=MO', '10:00', '12:00', NULL, NULL),
(33, 31, 'America/Los_Angeles', 'FREQ=MONTHLY;BYDAY=2MO', '09:30', '10:30', NULL, NULL),
(34, 32, 'America/Los_Angeles', 'FREQ=WEEKLY;BYDAY=MO,TU,WE,TH,FR', '07:00', '16:00', NULL, NULL),
(35, 32, 'America/Los_Angeles', 'FREQ=WEEKLY;BYDAY=SA', '08:00', '16:00', NULL, NULL),
(36, 33, 'America/Los_Angeles', 'FREQ=WEEKLY;BYDAY=MO,TU,WE,TH,FR', '07:00', '16:00', NULL, NULL),
(37, 34, 'America/Los_Angeles', 'FREQ=WEEKLY;BYDAY=MO,TU,WE,TH,FR,SA', '09:30', '16:30', NULL, NULL),
(38, 35, 'America/Los_Angeles', 'FREQ=DAILY', '00:00', '23:59', NULL, NULL),
(39, 36, 'America/Los_Angeles', 'FREQ=WEEKLY;BYDAY=MO,TU,WE,TH,FR', '09:00', '17:00', NULL, NULL),
(40, 36, 'America/Los_Angeles', 'FREQ=WEEKLY;BYDAY=SA,SU', '10:00', '16:00', NULL, NULL),
(41, 37, 'America/Los_Angeles', 'FREQ=WEEKLY;BYDAY=MO,TU,WE,TH,FR', '09:00', '17:00', NULL, NULL),
(42, 38, 'America/Los_Angeles', 'FREQ=DAILY', '10:00', '15:00', NULL, NULL),
(43, 39, 'America/Los_Angeles', 'FREQ=DAILY', '10:00', '15:00', NULL, NULL),
(44, 40, 'America/Los_Angeles', 'FREQ=DAILY', '09:00', '20:00', NULL, NULL),
(45, 41, 'America/Los_Angeles', 'FREQ=WEEKLY;BYDAY=MO,TU,WE,TH,FR', '08:30', '16:00', NULL, NULL),
(46, 42, 'America/Los_Angeles', 'FREQ=WEEKLY;BYDAY=MO,TU,WE,TH,FR', '08:30', '16:00', NULL, NULL);

-- Insert place items
INSERT INTO place_items (place_item_id, place_id, item) VALUES
(1, 1, 'food'),
(2, 2, 'food'),
(3, 3, 'food'),
(4, 4, 'food'),
(5, 5, 'produce'),
(6, 6, 'food'),
(7, 7, 'food'),
(8, 8, 'food'),
(9, 9, 'produce'),
(10, 10, 'produce'),
(11, 11, 'produce'),
(12, 12, 'produce'),
(13, 13, 'produce'),
(14, 14, 'produce'),
(15, 15, 'produce'),
(16, 16, 'produce'),
(17, 17, 'food'),
(18, 18, 'food'),
(19, 19, 'food'),
(20, 20, 'food'),
(21, 21, 'food'),
(22, 22, 'food'),
(23, 23, 'food'),
(24, 24, 'food'),
(25, 25, 'food'),
(26, 26, 'food'),
(27, 27, 'food'),
(28, 28, 'food'),
(29, 29, 'food'),
(30, 30, 'produce'),
(31, 31, 'food'),
(32, 32, 'recycling'),
(33, 33, 'recycling'),
(34, 34, 'recycling'),
(35, 35, 'shelter'),
(36, 36, 'shelter'),
(37, 37, 'shelter'),
(38, 38, 'donation'),
(39, 39, 'donation'),
(40, 40, 'donation'),
(41, 41, 'donation'),
(42, 42, 'donation');

-- Insert resources
INSERT INTO resources (resource_id, name, description, contact_info, email, phone, website) VALUES
(1, 'ORPHAN PRODUCTIONS- COUNTY SAFE PARKING PROGRAM', 'Overnight Safe Parking Program for homeless adults and their respective children if applicable. Legally registered vehicles required. Program opens at 7:00 p.m. nightly and closes each morning at 7:00 a.m.', 'Marina, CA', 'safeparkingprogram@gmail.com', '(831) 204-0230', 'https://onestarfishsafeparking.org/'),
(2, 'PASS THE WORD MINISTRY-ONE STARFISH SAFE PARKING PROGRAM', 'Overnight Safe Parking Program for homeless adults. To register, call and leave a call-back number. A Social Worker will return call within 48 hours to schedule an intake interview.', 'Various Locations Monterey Peninsula', NULL, '(831) 275-5167', 'https://www.onestarfishsafeparking.org/'),
(3, 'Online Rental Assistance Program', 'Monthly rental assistance program. First 10 applications only, open for one day.', 'Monterey', NULL, NULL, 'https://monterey.gov/your_city_hall/departments/community_development/housing_programs/rental_assistance_program.php'),
(4, 'Low Income Rental Assistance', 'Affordable housing contact and list for renters', 'Monterey', NULL, NULL, 'http://monterey.gov/your_city_hall/departments/community_development/housing_programs/renter_resources.php'),
(5, 'All in Monterey - Food Donations', 'Food donations for community support', 'Monterey', 'food@allinmonterey.org', NULL, 'https://allinmonterey.org/donate'),
(6, 'All in Monterey - Non-Food Donations', 'Non-food and general donations including Kindness Closet items', 'Monterey', 'kindnesscloset@allinmonterey.org', NULL, 'https://allinmonterey.org/donate'),
(7, 'All in Monterey - Amazon Wish List', 'Community wish list for donations', 'Monterey', NULL, NULL, 'https://www.amazon.com/hz/wishlist/ls/3B6WRODMWEJO3?ref_=list_d_wl_lfu_nav_2'),
(8, 'CSUMB - Otter Care', 'Student support and care services', 'Monterey Bay (CSUMB)', NULL, NULL, 'https://csumb.edu/studentlife/support/ottercare/'),
(9, 'CSUMB - Housing Options', 'Campus housing and residential life information', 'Monterey Bay (CSUMB)', NULL, NULL, 'https://csumb.edu/housing/housing-options/'),
(10, 'CSUMB - Student Support Groups', 'Mental health and support group resources', 'Monterey Bay (CSUMB)', NULL, NULL, 'https://csumb.edu/studentlife/support/'),
(11, 'CSUMB - Dining Options', 'Campus dining services and meal plan information', 'Monterey Bay (CSUMB)', NULL, NULL, 'https://dineoncampus.com/csumb'),
(12, 'CSUMB - Campus Map', 'Interactive map and directions for CSUMB', 'Monterey Bay (CSUMB)', NULL, NULL, 'https://csumb.edu/about/maps-and-directions/'),
(13, 'CSUMB - Parking Lots', 'Parking information and lot locations', 'Monterey Bay (CSUMB)', NULL, NULL, 'https://csumb.edu/parking/'),
(14, 'CSUMB - Public Transportation', 'Public transit access and directions to campus', 'Monterey Bay (CSUMB)', NULL, NULL, 'https://csumb.edu/transportation/');